Name,City,Application_date,Age,Housing
Robert Fitzgerald,Greenmouth,2018-08-03,67,own
Daniel Kim,North Jessica,2018-08-07,22,own
Frederick Jordan,Lake Erika,2018-05-14,49,own
Tara Rojas,East Jessica,2018-04-30,45,free
Gail Donovan,Randyport,2018-05-27,53,free
Kenneth Davis,East David,2018-12-08,35,free
Chris Weaver,Garymouth,2018-06-08,53,own
Karen Cooper PhD,Smithchester,2018-08-02,35,rent
Mr. Justin Taylor PhD,Houseside,2018-02-06,61,own
Andrea Valenzuela,Morrisonberg,2018-08-05,28,own
Barbara Edwards,North Kevinbury,2018-08-14,25,rent
Jessica Patterson,Woodsmouth,2018-11-29,24,rent
Heather Hunter,Lake Susanshire,2018-05-15,22,own
Jeremy Davenport,New Gloriaton,2018-12-24,60,own
Michael Perez,New Amanda,2018-10-28,28,rent
Lisa Massey,Karenberg,2018-06-01,32,own
Lauren Morris,Hudsonberg,2018-10-28,53,own
Jonathan Martin,Howellburgh,2018-04-03,25,own
Timothy Fitzgerald,Port Sergio,2018-05-26,44,free
Rodney Hernandez,Ashleestad,2018-02-26,31,own
Richard Meyer,Harperfurt,2018-11-13,48,own
Julia Sharp,West Reneechester,2018-03-05,44,rent
Michelle Ryan,Michaelshire,2018-06-17,48,rent
Courtney Martin,Nicholasmouth,2018-02-13,44,own
Jeremy Cox,Patrickchester,2018-08-11,26,own
William Jimenez,New Mariaburgh,2018-01-08,36,own
Derrick Brennan,Charleschester,2018-09-27,39,own
Alexandra Walsh,Richardsonmouth,2018-03-09,42,rent
Jonathan Harding Jr.,South Brittanychester,2018-01-13,34,own
Laura Fernandez,Lake Jamesberg,2018-10-29,63,own
Taylor Sullivan,Patriciaview,2018-05-07,36,own
Shannon Valdez,Jennyview,2018-09-14,27,own
Jessica Lane,West Juliebury,2018-06-06,30,own
Nicholas Lewis,Aliciafort,2018-11-18,57,rent
Faith Johnson,Martinport,2018-07-03,33,own
Raymond York,Joshuafurt,2018-12-26,25,own
Kevin Butler,East Nicholasmouth,2018-08-18,31,free
Corey Herrera,Garrettburgh,2018-03-20,37,own
Jonathan Franklin,Katieview,2018-01-06,37,own
Jerry Molina,New Jennifer,2018-12-09,24,own
Shari Guzman,Lake Sylviastad,2018-10-15,30,own
Barbara Wiggins,Brittanyberg,2018-03-24,26,own
James Smith,East Yolanda,2018-11-13,44,own
Patricia Hull,West Tracy,2018-09-06,24,rent
Joshua Wiley,Port Kelsey,2018-11-03,58,free
Seth Franklin,Lindseyborough,2018-07-28,35,own
Emily Garcia,Lake Alfred,2018-12-10,39,own
Allison Dawson,Port Kevinview,2018-10-07,23,rent
Andrew Moyer,Lake Miguelbury,2018-10-27,39,own
Gabriel Summers,Johnsonhaven,2018-05-14,28,own
William Love,North Jonathan,2018-05-19,29,own
Brandon Wilson,Francesland,2018-02-14,30,own
Frederick Swanson,West Andrew,2018-10-13,25,own
Stephen Jones,Lisastad,2018-10-06,31,own
Taylor Mason,South Virginia,2018-01-31,57,free
Bethany Baldwin,East Catherine,2018-07-27,26,own
Lydia Mitchell,Lindsaystad,2018-06-14,52,own
Daniel Mahoney,Jonathanbury,2018-08-06,31,own
Jennifer Taylor,Montgomerymouth,2018-07-30,23,own
Amy Young,Camerontown,2018-12-24,23,rent
Sara Donaldson,North Adamville,2018-02-14,27,own
Kevin Duncan,Port Brendatown,2018-04-12,50,own
Amy Lyons,Linville,2018-01-02,61,free
Jessica Johnson,Griffithchester,2018-02-11,25,own
Ryan Lane,Shermanfurt,2018-10-19,26,own
Patrick Burnett,North Tracie,2018-08-07,48,own
Stephen Merritt PhD,Meyerfurt,2018-07-18,29,own
Timothy Miller,Gabrielland,2018-08-25,22,own
Sean Dominguez,North Meganhaven,2018-10-18,37,free
Robert Walker,Hughesborough,2018-10-15,25,own
Anna Hancock DVM,Hollandfurt,2018-06-14,30,own
Deborah Lyons,West Lori,2018-01-19,46,rent
Steven Rice,East Michelleside,2018-09-18,51,free
Dr. James Burke,Bradleyfurt,2018-04-06,41,own
Christine Oconnor,Stephanieview,2018-06-24,40,own
Richard Black,North Brianshire,2018-06-29,66,free
Linda Nelson,North Aaron,2018-06-30,34,own
Michael Kelly,Lake Mariashire,2018-08-24,51,own
Samantha Evans,Rossview,2018-06-20,39,own
Matthew Mitchell,East Daleside,2018-12-22,22,own
Earl Park,Rebeccaberg,2018-12-05,44,own
Connor Faulkner,East Kelly,2018-04-13,47,own
Michael Jones,West Megan,2018-02-05,24,rent
Angelica Mcguire,West Michelechester,2018-01-27,58,own
Kimberly Lester,Nathanhaven,2018-11-26,52,own
Diane Guzman,Port Renee,2018-06-17,29,own
Daniel Perry,Aliceburgh,2018-10-17,27,own
Stephen Dunlap,Halltown,2018-07-19,47,free
Shelly Campbell,Port Kevin,2018-04-12,30,own
Gregg Henderson,Bennetthaven,2018-10-10,28,own
Tracy Bernard,Wilsonburgh,2018-12-30,56,own
Jeffery Le,South Haileychester,2018-09-26,54,own
Andrew Harrington,Danafort,2018-08-06,33,own
Angela James,East Ruben,2018-01-29,20,rent
Matthew Harris,Annaton,2018-10-04,54,own
Amanda Smith,Janeborough,2018-05-30,58,rent
Ralph Boyd,Ernestmouth,2018-03-04,61,own
Danielle Adams,Wendymouth,2018-02-06,34,own
Thomas Parker Jr.,Port Hollyhaven,2018-06-30,36,own
Melanie Hoffman,North Jennifer,2018-09-01,36,rent
Michael Johnson,Jasonfurt,2018-10-22,41,rent
Ashley Chase,North Misty,2018-12-29,24,rent
Michael Smith,Port Misty,2018-04-22,24,own
Tiffany Gordon,Anthonyfurt,2018-07-04,35,rent
Grant Brown,Vincentville,2018-07-30,26,rent
Thomas Harrington,Sarahstad,2018-01-30,39,own
Nathaniel Stewart DDS,Haileyland,2018-07-13,39,own
Elizabeth Black,Mendeztown,2018-12-01,32,own
Kathleen Bowers,North Amandafort,2018-01-22,30,own
Aaron Velazquez,Alexanderton,2018-08-08,35,own
Arthur Goodwin,South Martha,2018-04-10,31,own
Steven Alvarez,Amandaport,2018-01-03,23,rent
Deborah Chan,Murrayfurt,2018-12-09,28,rent
Patrick Kennedy,Petersonborough,2018-05-31,25,own
Patrick Oneill,Port Jennifer,2018-06-13,35,own
Mary Lowe,Carrfurt,2018-11-28,47,own
Tina Hernandez,Kristihaven,2018-05-07,30,own
Tyler Hall,North Lindafort,2018-06-05,27,rent
Shannon Sullivan,Jennaport,2018-06-25,23,own
Darlene Olson,Juliemouth,2018-06-07,36,own
Marissa Ross,Kimberlyhaven,2018-06-23,25,own
Steven Mitchell,North Adrienne,2018-04-02,41,rent
Michael Johnson,South Daisyfort,2018-03-02,24,rent
Brandy Rivera,Port Amy,2018-01-23,63,free
Leslie Lang,Lake Seantown,2018-01-26,27,rent
Amy Foster,South Jason,2018-05-30,30,own
Tim Russell,Alexanderville,2018-02-24,40,own
Jerry Johnson,Reginafurt,2018-03-19,30,own
Chelsea Williams,Davidland,2018-02-14,34,own
Emily Murphy,Robinsonview,2018-10-01,29,own
Maurice Cross,Port Tammy,2018-09-21,24,own
Lauren Taylor,New Kari,2018-03-14,29,own
Patricia Shepherd,Schneidertown,2018-11-16,27,own
Megan Gonzalez,West John,2018-04-06,47,free
Ashley Friedman,New Jeremyville,2018-03-26,21,own
Sharon Walker,Reginaldside,2018-06-03,38,own
Darius Huang,East Jerryborough,2018-07-09,27,own
William Calhoun,Port Wendyhaven,2018-06-16,66,own
Heather Dyer,Port Jacksonborough,2018-09-24,35,own
Aaron Crawford,Alexisberg,2018-08-19,44,rent
Christine Howell,Ramosport,2018-12-04,27,own
Cynthia Barber,West Jerry,2018-08-18,30,own
Jeffrey Hammond,Stephanieborough,2018-03-20,27,own
Karen Warren,New Pamelaburgh,2018-03-26,22,own
Amanda Garcia,East Shannon,2018-07-08,23,own
David Wright,Mathewburgh,2018-07-13,30,own
Kelsey Owens PhD,West Stevenport,2018-08-18,39,own
Ricky Thomas,East Olivia,2018-09-24,51,own
Brooke Shaw,New Emmabury,2018-03-06,28,own
Gregory Marshall,Beasleyfort,2018-08-07,46,own
Bryan Mason,Cindystad,2018-11-12,42,free
Joshua Lewis,Cookefurt,2018-02-25,38,own
Tonya Hutchinson,South Walterburgh,2018-11-01,24,own
Judith Hensley,South Connor,2018-12-16,29,rent
Richard Hess,East Angelahaven,2018-07-23,36,rent
Thomas Nguyen,Port Edgarside,2018-11-02,20,rent
Mark Mays,Davisfurt,2018-05-25,48,own
Andrew Walls,Youngside,2018-08-10,45,own
Leslie Ortega,Robinstad,2018-04-28,38,own
Cassandra Goodman,East Lucasmouth,2018-03-08,34,own
Joe Leon,Danielside,2018-11-25,36,own
Jack Richardson,Lake Brandontown,2018-02-26,30,own
Susan Smith,South Troybury,2018-05-02,36,own
Jill Johnson,East Frankmouth,2018-05-02,70,free
Vanessa Wilkinson DDS,Frankchester,2018-01-06,36,own
Alex Carter,North Christina,2018-10-07,32,own
Susan Mcdaniel,South Sierramouth,2018-04-21,33,own
Gwendolyn Mitchell,Joelfurt,2018-07-10,20,own
Dominique Gibson,Sloanberg,2018-11-09,25,rent
Laura Harris,Harmonview,2018-04-03,31,own
Stephanie Rodriguez,West Dianeland,2018-07-21,33,rent
Sierra Bridges,West Joseph,2018-01-15,26,own
Amber Powell,East Marctown,2018-01-26,34,own
Ricky Johnson,Steelehaven,2018-03-23,33,own
Kristi Downs,East Kevinville,2018-12-31,26,own
Jeremy Villanueva,Michaelland,2018-05-09,53,own
John Bell,Lake Laurie,2018-02-25,42,own
Jennifer Rivera,Harmonview,2018-11-13,52,own
Adriana Goodman,Fergusonport,2018-02-10,31,rent
Tracy Snyder,North Jessica,2018-12-31,65,own
Richard Torres,West Joanborough,2018-03-24,28,own
Mr. Stephen Goodman,Simonside,2018-06-02,30,own
Shawn Larsen,Browntown,2018-11-20,40,own
Kent Butler,West Bradley,2018-11-01,50,own
Nathaniel Gonzalez,Owenville,2018-09-01,36,own
Kurt Thomas,Bryanstad,2018-01-02,31,own
Latoya Anderson,Lake Shannon,2018-05-15,74,free
Nicholas Grant,Westborough,2018-05-28,68,free
Martha Lane,Davidstad,2018-11-08,20,own
Carol Morrison,Port Kyleshire,2018-03-09,33,own
Maria Moreno,Cranechester,2018-02-04,54,own
Mariah Williams,Alexfort,2018-10-02,34,free
Whitney Edwards,Mooreshire,2018-12-14,36,own
Jasmine Weiss,Allenland,2018-04-26,29,rent
Elizabeth Smith,New Spencerfurt,2018-04-04,21,rent
Michael White,Romanmouth,2018-10-18,34,own
Melissa Cruz,Wangton,2018-09-13,28,own
Sheila Woods,Lake Natashafurt,2018-11-11,27,rent
Donna Orozco,North Bethmouth,2018-05-17,36,free
Karen Adams,New Betty,2018-05-08,40,own
Luke Mora,Michaelside,2018-06-04,52,own
Tracy Erickson,Johnnystad,2018-09-07,27,own
Connie Nelson,Port Mary,2018-12-16,26,own
Kyle Cruz,Robertmouth,2018-07-15,21,rent
Randy Choi,Cookbury,2018-11-19,38,own
Amber Lee,Rachelton,2018-03-19,38,free
David Griffin,East Mollyfurt,2018-04-11,43,own
Sara Hampton,South Charlesstad,2018-04-07,26,own
Sue Norton,North Nicholasmouth,2018-06-01,21,own
Angela Wolf,West Brandi,2018-11-26,55,own
Sean Boyer,Larryside,2018-07-24,33,own
Jessica Hull,Kimberlyfurt,2018-07-02,45,own
Shelly Gordon,New Lauren,2018-12-31,50,own
John Kelly,West Jerrymouth,2018-11-11,66,own
Heather Vasquez,East Kennethfurt,2018-04-10,51,own
Rachel Burgess,North Jennifer,2018-07-25,39,own
Christine Fritz,Prattfurt,2018-03-27,31,own
Lisa Cook,Port Kyle,2018-12-08,23,own
Melissa Nelson,Snydermouth,2018-08-12,24,rent
Mary Jackson,Guzmanchester,2018-11-30,64,own
Ariel Mcmillan,East Annafurt,2018-08-01,26,own
Randall Hernandez,Timothyshire,2018-02-26,23,rent
Richard Wiley,North Jonathan,2018-12-26,30,own
Eric Farrell,Grantchester,2018-04-29,32,own
Willie Santana MD,Lake Richard,2018-01-06,30,own
Anna Stevens,Lisamouth,2018-06-14,27,own
Anthony Weaver,Timothyside,2018-07-22,27,own
Amanda Turner,South Phyllis,2018-04-18,53,free
Jose Morris,North Rachel,2018-09-19,22,own
Zachary Burns DDS,Michaelstad,2018-09-11,22,free
Rita Lin,Johnsonhaven,2018-11-15,26,own
Sarah Joyce,Mccormickhaven,2018-01-23,51,free
Dawn Nguyen,North Michelleburgh,2018-08-22,35,own
Joshua Luna,West Ashleyfurt,2018-01-29,25,own
Becky Graham,Stephaniefort,2018-04-16,42,own
Brittney Lester,South Robert,2018-04-30,30,own
Roy Rodgers,Stephanieview,2018-03-28,23,own
Daniel Price,Lake Carolynfort,2018-03-02,61,rent
Pamela Huynh,Davidshire,2018-05-27,35,own
Tanya Campbell,West Pamela,2018-10-16,39,own
Jeffrey Cole,New Susan,2018-10-28,29,own
Gabrielle Flores,Mezaborough,2018-01-25,51,own
Brian Brown,West Brentfurt,2018-03-14,24,free
Allen Owen,Hermanmouth,2018-02-14,27,own
Nicholas Moore,East Jackfort,2018-06-05,35,own
Megan Caldwell,Josephstad,2018-03-10,25,own
Charles Dickerson,Jenniferchester,2018-12-19,52,own
Carl Garcia,Tranbury,2018-05-07,35,rent
Ebony Black,New Jessicabury,2018-09-07,26,own
Natalie Becker,East Susanburgh,2018-04-26,22,rent
Yolanda Stewart,Rodriguezton,2018-08-16,39,own
Katherine Edwards,New Jasonview,2018-08-21,46,own
John West,Harrisonberg,2018-01-11,24,own
Erik Mcconnell,New Carol,2018-11-23,35,own
Erica Ferguson,Harperberg,2018-06-11,24,own
Janet Green,Johnsonmouth,2018-02-07,27,own
Garrett Brown,North Sabrinastad,2018-11-12,35,own
Monica Wood,Yuberg,2018-06-29,29,free
Jennifer Larson,Pierceview,2018-12-23,23,own
Jon Washington,Freemanville,2018-07-29,57,own
Carla Meyers DDS,East Joshua,2018-04-21,27,own
Kimberly Peterson,Leestad,2018-01-21,55,own
Vanessa Coleman,Lake Dennis,2018-09-26,36,free
Scott Rogers Jr.,Nicholasport,2018-08-07,57,free
Brent Carter,East Nicholas,2018-02-07,32,own
Ethan Meyers,Baldwinstad,2018-08-17,37,own
Dale Jones,South Kristenmouth,2018-06-15,36,own
Joanne Thompson,East Carrie,2018-08-28,38,own
Christina Molina,North Robinside,2018-01-29,45,own
Jennifer Gomez,Terranceland,2018-12-23,25,own
William Savage,West Brenda,2018-02-23,32,own
Ashley Snyder,Odonnellmouth,2018-05-13,37,rent
Scott Daniels,Lake Sharon,2018-07-17,36,free
Kayla Brooks,Port Gregorybury,2018-03-25,28,own
Richard Lee,South Alishafort,2018-11-15,34,own
Rachel Martinez,South Danielchester,2018-07-20,32,own
Stacy Sharp,Lake Markshire,2018-03-21,26,own
Patricia Hancock,West Steventon,2018-12-19,49,own
Joshua Walker,Melissaside,2018-08-25,32,own
Linda Williamson,New Briantown,2018-05-23,29,rent
Jamie Hodge,West Beth,2018-09-24,23,rent
Eric Gonzalez,West Beth,2018-09-12,50,own
Thomas Lopez,Hawkinsport,2018-09-13,49,own
Ashley Hill,Hensonville,2018-10-19,63,own
Nicholas Murphy,West Tracyfort,2018-08-24,37,own
Kristina Willis,East Carlos,2018-11-17,35,own
Tina Moore,West Robert,2018-11-18,26,own
Suzanne Roberts,Schaeferburgh,2018-12-12,31,free
Tamara Bailey,Hodgesfort,2018-09-12,49,own
Steve Rose,Rodriguezmouth,2018-03-02,48,own
Timothy Henderson,West Jason,2018-12-04,26,own
Sarah Young,Richardview,2018-02-03,28,rent
Denise Richards,Silvastad,2018-03-11,44,free
Christopher Bradford,Ryanburgh,2018-05-28,56,free
Jesse Harris,North Tiffany,2018-01-22,46,own
Donna Brock,Courtneyhaven,2018-05-02,26,own
Nicholas Shaffer,East Leslie,2018-09-04,20,rent
Kimberly Huffman,South Felicialand,2018-12-31,45,own
Nicole Bright,Johnsonmouth,2018-05-23,43,own
Charles Ward,West Stevenbury,2018-04-22,32,own
Patricia Smith,Brittanyfort,2018-07-20,54,own
Dr. Dominique Barnes,Allenside,2018-07-28,42,own
Kathryn Willis,Robertsborough,2018-01-07,37,own
Shannon Avila,North Jessica,2018-10-15,49,own
Diamond Steele,New Hunter,2018-11-17,44,free
Andrew Wade,Carolland,2018-10-21,33,own
Andre Duffy,Carolinestad,2018-03-25,24,rent
William Eaton,Dennishaven,2018-07-21,33,own
John West,North Shannonton,2018-11-19,24,own
Jenna Smith,Fitzgeraldside,2018-08-26,22,rent
Amy Fowler,Martinmouth,2018-03-10,40,free
Douglas Davis,New Robertfurt,2018-08-29,25,own
Jeffrey Terry,East Eddie,2018-06-12,26,own
Monica Smith,Garnerville,2018-09-18,25,own
Jeremy Lopez,Taylorchester,2018-10-26,29,own
Richard Mora,Reneeport,2018-01-30,31,own
Jessica Nichols,Lake Taylorburgh,2018-04-27,38,own
Barry Smith,Lynnside,2018-08-01,48,own
Thomas Bryan,Esteschester,2018-04-01,32,own
Colleen Alexander,Hendersonhaven,2018-11-19,27,own
Katrina Larson,Port Hannah,2018-02-07,28,own
Eric Brock,Peterport,2018-02-28,32,own
Sarah Reyes,Gonzaleschester,2018-08-05,34,free
Jason Newman,New Daniel,2018-08-07,28,own
Michael Padilla,North Julieport,2018-03-30,36,own
John Patterson,Mullenchester,2018-09-01,39,own
George Cain,Reginatown,2018-01-17,49,rent
Kayla Paul,West Jenniferfurt,2018-03-23,34,own
Madeline Smith,North Kimberly,2018-07-01,31,own
Janice Reyes,West Eric,2018-08-07,28,own
Christine Taylor,Alejandrashire,2018-07-08,75,free
Allen Marquez,East Michael,2018-05-08,30,own
Laurie Montes,Robinsonmouth,2018-12-10,24,own
Michelle Phillips,Lake Richard,2018-04-23,24,rent
William Gaines,Brettmouth,2018-01-18,23,rent
Darryl Wallace,Adamport,2018-08-09,44,rent
Robert Bender,Lambville,2018-10-16,23,own
Mark Smith,West Lorishire,2018-02-08,24,rent
Kevin Russell,Turnerton,2018-07-06,28,own
Ashley Rodriguez,Blakeville,2018-02-24,31,own
Rachel Romero,East Joshua,2018-01-06,24,free
Rose Anderson,Franciscoton,2018-02-18,26,rent
Mindy Turner,North Corey,2018-01-20,25,rent
Kenneth Rodriguez,Mccoybury,2018-02-19,33,own
Travis Phillips,East Jamesmouth,2018-05-30,37,own
Tammy Murphy,Port Anita,2018-04-26,43,own
Travis Benjamin,Lake Donnabury,2018-05-19,23,own
Terry Martinez,South Lorifort,2018-12-21,23,rent
Joshua Richard,Johnbury,2018-11-28,34,own
Philip Carson,New Katiechester,2018-02-12,32,free
Jeffrey Weeks,Kaitlinview,2018-03-17,23,rent
Lawrence Maldonado,Jessicaberg,2018-07-16,29,own
Dawn Black,North Robert,2018-01-11,38,own
Sonya Stafford,East Curtis,2018-06-09,28,rent
Jacob Thomas,Danielbury,2018-01-19,46,free
John Howard,Port Jacob,2018-01-31,23,own
Robert Ryan,Shanebury,2018-01-30,49,own
Shaun Schmidt,New Teresa,2018-09-21,26,own
Shannon Harding,Lake Kevinfort,2018-01-20,28,own
Dylan Bullock,Katherineport,2018-07-31,23,rent
Melissa Sanchez,North Johnside,2018-06-30,61,free
Joanna Brown,South Tammyport,2018-11-13,37,own
Katherine Barker,North Stephanieville,2018-02-16,36,own
Antonio Taylor,Melissachester,2018-09-20,21,rent
Tamara Rivas,East Ryantown,2018-09-05,25,own
Destiny Dodson,Cindyside,2018-09-28,36,own
Mark Roberts,Stephensberg,2018-09-15,27,own
Scott Kaufman,Shortport,2018-03-11,22,rent
Dawn Anderson,Edwardston,2018-02-26,42,own
Kristine Davila,Brandonport,2018-10-28,40,rent
Sergio Phillips,Lake Christopherfurt,2018-11-01,36,own
Jennifer Hoover,South Jacobtown,2018-12-09,33,own
Gina Gordon,West Brenda,2018-01-21,23,rent
Tracey Edwards,South Jennifer,2018-09-01,63,free
Stephanie Bass,Whitakerview,2018-02-28,60,free
Kristin Blackburn,Port Edwardport,2018-12-13,37,rent
James Figueroa,South Jenniferside,2018-08-06,34,own
Monica Pena,Lukehaven,2018-04-22,36,free
Nicholas Parker,Allenview,2018-04-18,57,free
Lori Lam,West Kayleeview,2018-09-07,52,own
Elijah Calderon,Brianstad,2018-08-12,39,own
Cynthia Stevens,West Angela,2018-11-26,38,free
Dana Fletcher,Allenburgh,2018-02-05,25,rent
Robert Moss,Randallfort,2018-11-18,26,own
Lindsay Olson,Port Angelchester,2018-04-07,26,own
Tony Smith,Kaitlynport,2018-06-27,25,own
Nicholas Harrington,Michaelmouth,2018-11-21,21,rent
Todd Perez,North Markton,2018-01-04,40,own
Stuart Reed,Jenniferview,2018-03-05,27,own
Timothy Wolfe,Blackborough,2018-11-13,27,own
Austin Moore,Michaelfort,2018-07-19,30,own
Thomas Turner,Ellismouth,2018-03-07,19,rent
Kevin Parker,Sandraside,2018-03-01,39,free
Destiny Fowler,Ericchester,2018-07-25,31,own
Kimberly Wright,East Jaimeshire,2018-09-13,31,own
Jerry Adkins,Port Kendra,2018-12-06,32,rent
Brittany Flowers,West Timothyview,2018-01-14,55,free
Nicole Williams,West Courtneymouth,2018-09-10,46,own
Kelly Weber,Donaldview,2018-11-12,46,rent
Amanda Lopez,Lake Stephanie,2018-12-12,43,own
Gary Goodman,New Daniel,2018-12-09,39,own
Sonya Huff,Stewartstad,2018-06-05,28,own
Tamara Valencia,New Julie,2018-03-24,27,own
Eric Merritt,Esparzaview,2018-07-31,27,own
David Sweeney,Port Andrewside,2018-08-17,43,own
Monica Romero,South Duane,2018-12-20,22,own
Deborah Rowland,Chenfort,2018-12-25,43,own
Monica Wilkinson,Holmeschester,2018-08-21,27,own
David Baker,Everettville,2018-01-28,26,own
Anthony Baker,South Anna,2018-08-03,28,own
Jennifer Hardy,North Kathy,2018-12-03,20,own
Stephanie Wade,Taraside,2018-05-07,35,own
Victoria Jennings,North Reginaldville,2018-08-23,42,own
Cody Arnold,Kimville,2018-02-15,40,rent
Zachary Grimes,Jonesview,2018-08-31,35,own
Pamela Rivera,Hughesbury,2018-12-25,35,own
Elizabeth Trujillo,East Edward,2018-09-15,33,own
Scott Bryant,East Vicki,2018-11-19,23,rent
Alice Snyder,Racheltown,2018-12-10,31,own
Laura Smith,Lake Alexandraburgh,2018-09-28,33,own
Morgan Short,Lake Stevenfort,2018-01-01,20,rent
Jordan Patterson,Blairborough,2018-12-11,30,own
Dylan Price,South Donna,2018-04-13,47,own
Kayla Davis,New James,2018-12-22,34,own
Ralph Logan,Elizabethbury,2018-02-02,25,own
David Johnson,Maddenchester,2018-12-29,21,rent
Carl Weiss,Hollandstad,2018-04-13,29,own
Jennifer Trujillo,East Erica,2018-10-04,46,own
Amy Sutton,Christopherhaven,2018-09-29,20,own
Holly Fields,Weaverburgh,2018-09-06,55,free
Gregory Hernandez,Hollandstad,2018-05-20,74,own
Daniel Sharp,Ashleyfort,2018-05-17,29,own
Donald Jones,North Maryfort,2018-06-03,36,free
Amy Gilbert MD,New Louis,2018-03-19,33,own
Anthony Hayden,Port Jenniferberg,2018-05-26,25,own
Miss Jennifer Bentley,Christineshire,2018-07-13,25,own
Michele Montgomery,Jessicabury,2018-05-12,23,rent
Andre Castillo PhD,East Kim,2018-03-20,37,own
Jeffrey Knight,Allisonburgh,2018-02-24,65,own
Diane Weiss,Hawkinschester,2018-02-01,26,own
Monique Miranda,South Cynthia,2018-08-15,39,own
Jack Henderson,South Marissaton,2018-11-07,30,own
Philip Wright,Carolinefort,2018-08-22,29,own
Thomas Martin,Jonchester,2018-05-28,41,own
Jennifer Campbell,Dannyhaven,2018-07-27,30,own
Scott Russell,East Jamesville,2018-03-09,41,rent
Nathaniel Garner,Bellbury,2018-03-14,34,own
Melissa Caldwell,Salazarview,2018-07-29,35,own
Kyle Cooper,Rebeccashire,2018-05-01,55,own
Samantha Oliver,Lake Jennifer,2018-09-22,61,own
Kristen Garcia,Roseshire,2018-05-01,30,own
James Castillo,North Lori,2018-03-01,29,own
Robert Brown,Port Christopher,2018-11-20,34,own
Jacob Small,North Johnshire,2018-08-05,35,own
Shawn Gomez,Lake Mary,2018-04-30,31,own
Dana Parker,East Steveshire,2018-12-16,29,own
Kimberly Villa,Jamestown,2018-02-02,36,rent
Matthew Chapman,Port Adamfurt,2018-07-01,35,free
Maria Mcguire,South Emmaside,2018-02-16,27,own
Diane Lee,East Calvinstad,2018-12-31,32,own
Eric Clark,East Ronaldberg,2018-08-12,37,own
Kelsey Scott,Roseborough,2018-02-15,36,own
Donald Tucker MD,Robertview,2018-07-13,34,rent
Roy Shaw,Mckaymouth,2018-05-19,38,own
Robert Hardin,Kristinashire,2018-01-09,34,own
Chad Myers,West Kelly,2018-09-24,63,own
William Flynn,North Angelaport,2018-04-20,29,rent
Kenneth Cabrera,Johnsonburgh,2018-12-09,32,own
Timothy Meyer,Billyton,2018-02-15,26,own
Carl Cole,East Justin,2018-11-19,35,own
John Cunningham,West Jeremy,2018-09-13,22,rent
Nancy Miller,Danielville,2018-05-16,23,own
Sandra Harrington,South Ashleyborough,2018-09-22,28,own
Shari Cohen,North Michael,2018-08-19,36,own
Ashley Moore,New Christopherchester,2018-10-11,33,own
Mark Sloan DVM,Beantown,2018-11-27,26,rent
Leslie Simmons,Murraymouth,2018-03-06,24,own
Steven Woodward,Port Keith,2018-08-31,25,own
Jerry Perkins,West Annettehaven,2018-08-10,39,own
Jesus Trevino,New Benjaminfurt,2018-04-18,44,own
Denise Cameron,Nicoleshire,2018-01-30,23,own
James Zhang,Garyville,2018-04-10,26,own
Anne Lewis,East Eric,2018-05-04,57,rent
Mary Swanson,Lake Peter,2018-09-28,30,own
Anthony Mitchell,Maddoxtown,2018-05-04,44,own
Theresa Roberts,Beckyville,2018-05-05,47,own
Diana Little,Juliahaven,2018-09-22,52,own
Paul Cole,New Laurenshire,2018-05-03,62,free
Monique Schaefer,New Michaelmouth,2018-03-18,35,rent
Cynthia Greene,Shannonton,2018-10-02,26,rent
Molly Nixon,North Anthonyfurt,2018-02-24,26,own
Dr. Sarah Green,Ginaton,2018-05-27,42,free
Matthew Hess,Rosalesfurt,2018-11-02,27,own
Scott Richard,New Victoria,2018-01-28,38,own
Chase Moore,West Nicholasberg,2018-06-03,39,rent
Michelle Henry,Port Annbury,2018-05-28,20,own
Christina Newton,New Patricia,2018-08-08,29,rent
Katherine Tran,Alexisburgh,2018-11-24,40,own
Charles Kelley,Port Nicolestad,2018-12-17,32,own
Meghan Huff,Aprilmouth,2018-10-31,28,own
Allen Mcmillan,Barnesstad,2018-09-03,27,own
John Dawson,Lake Lucas,2018-11-13,42,free
Stephen Winters,East Jessica,2018-06-23,49,own
Ernest Holden,New Alicia,2018-06-10,38,own
Mark Powell,Baileyview,2018-09-17,24,rent
Christine Perry,Jonesmouth,2018-08-26,27,own
Melissa Lee,Kathyview,2018-12-18,36,own
Patricia Yates,East Thomas,2018-06-24,34,own
Larry Scott,Hannahview,2018-04-28,28,own
Micheal Thompson,Lake Ian,2018-03-27,45,own
Breanna Moore,East Garyfurt,2018-10-08,26,own
Melissa Deleon,East Deannatown,2018-05-03,32,free
Crystal Kim,West Brianside,2018-08-20,26,rent
Mr. Peter Vang DVM,West Jerry,2018-08-21,20,rent
Charles Webster,South Williamland,2018-06-25,54,own
Jason Hicks,Scottport,2018-11-08,37,own
Alexis Mills,New Joshualand,2018-12-21,40,own
Melinda Guerra,Johnside,2018-10-19,23,rent
Mark Brown,East David,2018-10-01,43,own
Leah Castaneda,Johnsonfurt,2018-08-05,36,free
Susan Hernandez DDS,Lake Dawnbury,2018-07-10,44,free
Dale Moore,Lake Claire,2018-12-07,24,own
David Oliver,West Jessicastad,2018-10-11,53,free
Jack Dixon,Port Ericfurt,2018-12-10,23,own
Shawna Cordova,South Frank,2018-01-07,26,own
Thomas Pena,Lake Seth,2018-09-05,30,own
Andrew Wilson,Lake Helenborough,2018-06-23,31,own
Jason Hall,East Thomas,2018-04-29,42,own
Peggy Greene,Moorefurt,2018-07-29,31,rent
Wayne Suarez,Loweryport,2018-10-13,41,own
Jessica Moore,South David,2018-04-15,32,own
Robert Douglas,North Andrew,2018-01-02,28,rent
Joseph Benjamin,West Phillip,2018-12-04,41,rent
Tammy Black,Alexanderchester,2018-10-12,26,own
Donald Bryant,Amandaville,2018-02-12,25,own
Jennifer Lambert,East Catherine,2018-03-05,33,rent
Phyllis Arnold,Kingville,2018-01-18,75,own
Chad Coleman,West Monicastad,2018-07-21,37,own
Brian Santos,Port Branditown,2018-07-30,42,free
April Hill,Wrightmouth,2018-09-12,45,own
John Tran,Port Diane,2018-07-10,23,rent
Shannon Burns,Floresbury,2018-02-01,60,free
Christopher Fischer,South Gregview,2018-10-10,31,own
Cindy Ballard,Harringtonville,2018-07-15,34,own
Allison Mathis,Kennethhaven,2018-05-31,61,own
John Banks,Figueroaside,2018-02-28,43,free
Justin Bowman,East Deanna,2018-08-16,37,own
Mary Gray,Lake Carolyn,2018-11-29,32,own
Steve Mercado,Liberg,2018-12-20,24,own
Elizabeth Mclean,Lake Jasonbury,2018-11-18,35,free
Sarah Oneal,North Brianshire,2018-12-22,23,own
Jason Campos,Lake Briannashire,2018-07-12,45,own
Joe Reynolds,Nelsonmouth,2018-04-08,34,own
Jason Herman,Parkershire,2018-10-07,27,own
Timothy Reyes,Knightbury,2018-01-21,67,own
Mark Johnson,Port Thomas,2018-04-13,22,own
Matthew Moore,Morganland,2018-11-01,28,own
Richard Delgado,Samuelstad,2018-10-21,29,own
Stephanie Clarke MD,Hartmanview,2018-04-09,27,own
Marcus Harrison,Jasonfurt,2018-09-10,31,own
James Stewart,Whiteburgh,2018-04-26,49,free
Julie Evans,Liside,2018-04-03,24,rent
Jennifer Campos,Port Larry,2018-02-01,29,own
Laura Kelly,Port Amandaberg,2018-08-10,37,free
Nancy Lopez,Lake Shawnfort,2018-04-12,37,own
David Terry,East Bruceside,2018-11-17,23,rent
Steven Williams,Virginiaburgh,2018-06-16,36,own
Lisa Juarez,West Jasonhaven,2018-11-30,34,own
Tony Vasquez,Stephanieshire,2018-05-21,41,own
Nicole Cohen,Chasefurt,2018-04-20,31,own
Matthew Taylor,Michaelstad,2018-07-31,23,rent
Cynthia Cook,South Gregory,2018-05-18,38,own
Stacy Gray,Andrewstad,2018-10-12,26,rent
Bryan Robles,Nicoleville,2018-01-21,22,own
Jeffrey Johnson Jr.,North Connieshire,2018-06-16,27,own
Susan Rodriguez,Kennethside,2018-08-05,24,own
Erik Griffin,Hopkinston,2018-10-08,27,own
Tonya Webb,Floresberg,2018-09-07,33,own
Christina Obrien,Lake Lauren,2018-07-07,27,own
Elizabeth Roman,Ethanville,2018-06-25,27,own
Holly Oneal,Donnafurt,2018-08-17,30,own
Joel Daugherty,Robertsfort,2018-12-20,49,own
David Aguilar,West Michaelland,2018-01-28,26,rent
Douglas Guzman,West Rachel,2018-09-01,33,rent
Nichole Holloway,Alisonville,2018-04-10,52,free
Cynthia Huerta,Port Stefanie,2018-02-11,20,rent
Monica Gill,New Kevinshire,2018-07-19,36,rent
Megan Wright,Lowestad,2018-10-05,21,own
Kevin Harmon,East Kathleen,2018-05-27,47,own
Katherine Mcmillan,Brooketown,2018-09-28,60,own
Bryan Gay,Davisshire,2018-01-20,58,own
Brittany Singleton,Smithborough,2018-12-05,42,rent
Paige Perez,Leonardfort,2018-06-20,36,own
Timothy Osborn,New Shellychester,2018-01-22,20,rent
Kristen Lewis,Knightview,2018-05-14,40,own
Abigail Nichols,Port Jefferystad,2018-08-20,32,own
Mary Jackson,Melindaborough,2018-11-21,23,rent
Juan Silva,Diazchester,2018-03-31,36,own
Beth Roman,Port Maria,2018-12-08,31,own
Adam Gay,South Crystalfurt,2018-07-26,32,free
Ryan Dunn,Taylorchester,2018-10-20,45,own
Walter Diaz,Port Brian,2018-08-20,30,own
Natalie Travis,Port Walterbury,2018-05-06,34,free
Andrew Rogers,North Ryanstad,2018-05-24,28,own
Robert Myers,Lewischester,2018-08-01,23,own
Mark Crawford,Jamesberg,2018-08-09,22,own
Misty Carter,Christyside,2018-01-02,74,own
Billy Wolfe,North Aliciatown,2018-11-05,50,free
Daniel Spencer,Port Amanda,2018-11-09,33,own
James Mooney,Sullivanborough,2018-06-08,45,free
Andrea Griffin,Grimesmouth,2018-04-22,22,own
Jerry Calderon,New Sandra,2018-01-13,48,free
Felicia King,North Danachester,2018-03-21,29,own
Jason Caldwell,Markburgh,2018-04-12,22,rent
Leah Gardner,Lake Michael,2018-02-03,22,own
Christian White,Danieltown,2018-04-15,48,own
Bryan Perez,Wiseville,2018-03-27,27,free
Keith Jones,Myershaven,2018-11-16,37,rent
Angela Gonzalez,Port Feliciahaven,2018-04-23,21,rent
James Vazquez,Hunterfurt,2018-01-03,49,own
Kyle Lawrence,Johnsonside,2018-09-21,27,own
Daniel Mosley,Karenmouth,2018-07-10,32,own
Jessica Joseph,Brendabury,2018-08-17,38,own
Stacy Dennis,West David,2018-09-20,22,rent
Christopher Forbes,Amyview,2018-08-28,65,free
Donna Smith,Pamelaberg,2018-11-20,35,own
Sarah Moon,Aaronshire,2018-11-18,41,own
Curtis Norris,North Glennview,2018-07-30,29,own
Andrew Garcia,Charlesshire,2018-01-12,36,own
Phillip Nolan,Carterburgh,2018-07-20,64,own
Joseph Davis,Robertburgh,2018-05-14,28,own
Yolanda Vega,Michaelhaven,2018-01-21,44,own
Amy Perez,Hansenland,2018-07-02,23,own
Ernest Craig,Port Patriciaville,2018-06-14,19,rent
James Lucas,Lake Melissaport,2018-05-08,25,own
Nicole Cannon,Richardland,2018-03-04,47,own
Linda Cole,Colemanhaven,2018-01-09,28,own
Lindsay Foley,Sueborough,2018-01-29,21,own
Frank Bass,Mcgeechester,2018-02-02,34,own
Julie Guzman,Wilsonburgh,2018-07-19,26,own
Erica Chung,Turnerchester,2018-04-14,27,own
Ashley Greene,Petersonmouth,2018-03-18,38,own
Richard Marshall,Port Andrew,2018-12-09,40,own
Erica Gordon,Amandaburgh,2018-05-03,33,own
Grant Alvarez,West John,2018-04-01,32,own
Adam King,West Reginamouth,2018-11-16,27,rent
Jordan Mckenzie,South Megan,2018-02-10,32,own
Courtney Brown,New Tiffanychester,2018-06-09,26,own
Ernest Vega,Salazarland,2018-01-29,38,free
Jennifer Coleman,Stevenbury,2018-11-25,40,rent
Andrea Mccoy,Lisaville,2018-07-03,50,free
Joseph Harrison,Lake Carol,2018-12-07,37,own
Jennifer Byrd,Port Jenniferfurt,2018-05-24,45,own
Jennifer Brown,Sparksberg,2018-06-12,42,own
Tiffany Larson,Baileyport,2018-12-19,35,own
Becky Tucker,Beckfort,2018-10-27,22,free
Adrian Brown,North Edwardburgh,2018-06-23,41,own
Judith Mitchell,Debraside,2018-06-14,37,own
Jeffery Mosley,East Theodore,2018-03-31,28,own
Erica Bailey,Lake Jennifer,2018-05-31,41,own
Thomas Martinez,South Edward,2018-10-13,23,rent
Michael Robinson,New Peterville,2018-08-23,23,own
Cindy Johnson,Tylertown,2018-09-17,50,own
Levi Smith,Lake Sheenaberg,2018-03-28,35,own
Shane Phillips,Mckenziechester,2018-05-10,50,own
Steve Schultz,North Lynnchester,2018-01-03,27,own
Francisco Reeves,Catherinehaven,2018-07-02,34,own
Abigail Thomas,Hawkinschester,2018-01-22,27,own
Gwendolyn Jones,Kristenchester,2018-03-29,43,rent
Seth Jones,Christopherland,2018-10-21,47,own
Gregory Ward,Port Sandra,2018-11-20,27,own
Mike Hernandez,Hooperberg,2018-03-02,31,own
Bryan Jimenez,South Daniel,2018-01-23,42,own
Michael Holt,Port Gabrielport,2018-05-15,24,own
Walter Davis,Garyborough,2018-02-08,41,own
Krista Rhodes,West Shannon,2018-09-05,26,rent
Arthur Cooper,Juliehaven,2018-03-26,33,own
Jessica Fisher,Carlaview,2018-05-30,24,own
Tracy Graves,North Anthonyside,2018-02-04,64,rent
Laura Chapman,Shermanshire,2018-04-17,26,own
Robert Johnson,Hernandezburgh,2018-06-07,56,own
David Brown,West Richardtown,2018-11-18,37,free
Hannah Rivera,Dennisshire,2018-10-21,33,own
Thomas Peters,South Jamestown,2018-09-30,47,free
Kaitlyn Weber,New Rebecca,2018-11-15,31,own
Brandon Wallace,North April,2018-04-13,34,free
Timothy Holmes,New Ryan,2018-02-18,27,own
Christina Oliver,Callahanmouth,2018-06-11,30,free
Edward Campbell,North Kyle,2018-09-02,35,own
James Zuniga,Hunterfurt,2018-04-13,31,own
Brandi Vargas,Lake Jonathanside,2018-05-27,25,own
Sarah Silva,Smithborough,2018-10-06,25,own
Kim Alvarez,East Charlesfurt,2018-06-29,29,own
Valerie Douglas,West Jessica,2018-06-09,44,own
Joseph Ramsey,Port Katie,2018-05-10,28,own
John Owens,Floresfort,2018-11-25,50,rent
Dustin Wong,North Brianfurt,2018-07-07,29,own
Michael Valencia,South Karen,2018-08-18,38,own
Sharon White,Stephensside,2018-08-13,24,own
Connie Blanchard,North Julieport,2018-11-02,40,rent
Jason Munoz,Cookstad,2018-12-20,29,rent
Tammy Gonzalez,New Janicemouth,2018-10-22,46,free
Dr. Angela Sanchez,North Victoriaton,2018-08-11,47,free
Valerie Baker,Savannahshire,2018-06-16,41,own
David Allen,Johnsonburgh,2018-02-16,32,own
Anthony Allen,Danastad,2018-10-13,35,free
William Olson,Davidton,2018-04-01,24,own
Christina Valdez,North Patrickmouth,2018-04-23,25,rent
James Nichols,New Julie,2018-02-23,25,own
Amber Perez,Jameston,2018-09-13,37,own
Mark Williams,Kiddchester,2018-03-03,32,own
Brian Mcintyre,Alyssaville,2018-05-22,35,free
James Gardner,Michaelton,2018-10-21,46,own
Michael Hoover,Stevenshire,2018-02-03,25,own
Gregory Harris,Davieshaven,2018-01-19,27,own
Erik Montoya,Wendyland,2018-07-03,63,own
Susan Cruz,Arnoldhaven,2018-10-07,40,own
William Proctor,West Jordantown,2018-07-11,32,free
Krystal Williams,North Stephen,2018-07-30,31,own
Joshua Kemp,Michaelview,2018-06-21,31,own
Brian Bautista,Williamsview,2018-08-02,34,own
Elizabeth Sutton,Port Oliviastad,2018-08-16,24,rent
Stephen Lopez,New Philip,2018-07-25,24,own
James Taylor,Larryport,2018-02-11,66,own
Faith Ferguson,Michaelfort,2018-08-13,21,rent
Kenneth Moody,West Joan,2018-08-08,41,own
John Walker,Johnstonport,2018-10-11,47,own
Amanda Miranda,Anthonymouth,2018-08-30,25,rent
Susan Guerra,North Darrylside,2018-11-07,59,rent
Edward Cole,Port Edward,2018-07-14,36,own
Ryan Martin,Lake Christine,2018-06-04,33,own
Lauren Ramsey,South Kristina,2018-08-14,21,rent
Christopher Hahn,North Veronica,2018-05-19,44,own
Michael Gonzalez,Alexanderside,2018-02-03,28,rent
Kathleen Roberts,Charlesstad,2018-10-04,37,own
Misty Montgomery,Teresaburgh,2018-05-31,29,own
Roberto Harris,Saraville,2018-04-07,23,rent
Kaitlin Garcia,South Jessicafurt,2018-11-30,35,own
Sean Stein,Smithstad,2018-04-20,45,own
Larry Willis,Ramirezborough,2018-09-05,26,rent
Carol Miller,Santosstad,2018-10-15,32,own
Miranda Davis,Travistown,2018-04-27,23,own
Shane Coleman,North Angelafort,2018-06-14,41,own
Benjamin Wu,Stricklandview,2018-07-03,22,own
Anthony Estrada,Brownfort,2018-10-14,30,own
Jonathan Roman,Port Eric,2018-12-02,28,own
Briana Wells,Thomasfort,2018-03-19,23,rent
Lisa Woods,North Dennis,2018-10-11,37,own
Stephen Donaldson,South David,2018-12-14,26,own
Stephen Wheeler,Jonesview,2018-09-03,33,own
Brandon Ross,Kimberlyville,2018-09-16,49,own
Dennis King,Boothland,2018-08-02,23,own
Jeremy Lee,Nancyville,2018-10-22,23,rent
Allen Wright,Whitneymouth,2018-12-09,25,own
Richard Hood,Lake Jose,2018-04-12,55,free
Nathan Green,North Jackburgh,2018-11-22,32,rent
Taylor White,Lake Heather,2018-01-12,74,own
Sue Kaufman,Ritterfort,2018-09-18,39,free
Angela King,West Robert,2018-01-07,31,own
Jason White,Silvaburgh,2018-11-29,35,own
Mark Morgan,Lake Lisaville,2018-04-12,59,own
Gabriel Herman PhD,Rosefort,2018-10-17,24,rent
Taylor Mckinney,North Cynthia,2018-01-13,24,own
Evan Keller,Patriciaborough,2018-07-09,30,free
Teresa Riley,Nicholasshire,2018-08-15,27,own
Jared Gonzalez,South Mary,2018-03-02,40,own
James Robinson,Gayfort,2018-12-09,31,own
Christie Smith,Madisonmouth,2018-07-01,31,rent
Jason Brown,Davidtown,2018-04-18,28,rent
William Hughes,West Nancy,2018-03-19,63,own
Jeffery Colon,Hernandezside,2018-07-29,26,rent
Travis Lee,Gutierrezton,2018-12-07,25,own
Kelly Patterson,Franklinview,2018-02-10,36,own
Stuart Bell,Briannamouth,2018-10-18,52,own
Bryan James,Aaronmouth,2018-07-28,66,free
Oscar Alvarez,East Frankhaven,2018-07-17,25,rent
Alexis Weaver,South Kristenberg,2018-12-10,37,own
Dr. Paul Foster,South Haley,2018-03-13,25,own
Jasmine Kane,New Keithton,2018-05-04,38,own
Lance Henderson,South Douglasville,2018-10-03,67,own
Bobby Long,Cathyton,2018-02-26,25,own
Adrienne Love,Christopherport,2018-12-01,60,own
Lucas Martinez,West Devinmouth,2018-03-11,31,own
Samantha Harrington,New Benjaminport,2018-12-16,23,own
Derek Stewart,Corytown,2018-09-11,60,own
Marc Proctor,East Emily,2018-12-01,35,own
Justin Evans,Ronnieport,2018-07-08,40,own
David Logan,Beckburgh,2018-10-10,38,own
Michael Harvey,Jacquelinemouth,2018-03-20,50,free
Cody Soto,Parksmouth,2018-11-06,27,own
Toni Murphy,Chungfurt,2018-09-13,39,own
Michael Saunders,West Kara,2018-11-12,41,own
Ashley Morrison,West Christopherberg,2018-09-01,27,own
Shelly Hodges,Madisonmouth,2018-07-31,51,free
Mary Harper,Reyestown,2018-10-16,32,rent
Justin Snow,West Michelle,2018-04-24,22,rent
Michael Meadows,Troystad,2018-07-17,51,free
Brian Garza,New Vanessahaven,2018-01-29,22,rent
Rebecca Hamilton,West Jessicabury,2018-05-05,54,own
Katherine Lambert,Cabrerafurt,2018-03-02,35,own
Justin Tanner,Lake Joel,2018-06-13,54,free
Jay Ruiz,South Kimberlyport,2018-01-20,48,rent
Nicholas Clay,New Kellystad,2018-09-27,24,own
Kelsey Wells,Harveystad,2018-10-26,35,own
Shawn Daniel,West Jason,2018-02-05,24,rent
Nicole Arellano DVM,Port Toddland,2018-06-02,24,own
Blake Price,Port Danielstad,2018-12-28,26,own
Thomas Pennington,Port Mikeview,2018-10-08,65,own
Kenneth Brown,East Ryan,2018-06-19,55,free
Ethan Holder,New Meaganbury,2018-01-11,26,rent
Olivia Parks,Robinsonmouth,2018-10-22,26,own
Kelsey Gordon,Susanberg,2018-01-21,28,own
Eric Figueroa,Port Bradleytown,2018-03-23,24,own
Rhonda Davis,Alyssaside,2018-02-19,54,own
Catherine Kennedy,New Denise,2018-03-08,46,free
Aaron Carlson,Tonyafort,2018-08-18,54,rent
Michele Davis,West Chadborough,2018-12-29,62,own
Patricia Green,West Baileyville,2018-11-15,24,rent
William Moran,Ayersland,2018-08-25,43,own
Cassandra Jackson,Hansenchester,2018-09-19,26,own
Stephanie Howard,North Kevinport,2018-04-30,27,own
Carrie Maldonado,Williamsfurt,2018-04-18,24,own
Jessica Saunders,West Rachel,2018-08-02,41,own
Joseph Navarro,New Michelle,2018-12-22,47,own
Caitlin Harris,Port Jerrytown,2018-06-05,35,own
Kristy Hardin,South Rebeccachester,2018-06-15,30,own
Bruce Johnson,Matthewfurt,2018-06-21,33,rent
Jessica Murray,North Katherinemouth,2018-06-29,36,own
Jared Rose,Mullenchester,2018-02-22,47,free
Brian Collins,Kaitlintown,2018-02-26,38,free
Chase Long,New April,2018-08-11,44,own
David Wyatt,South Davidland,2018-08-15,23,rent
Erica Martinez,West Jeremyside,2018-04-26,29,rent
Teresa Stevenson,Brentbury,2018-03-14,42,own
Susan Williams,Prattborough,2018-02-28,25,own
Brian Gill,Port Joshua,2018-12-04,48,own
Luis Cantrell,New Henrymouth,2018-10-23,21,own
Haley Church,Gomezton,2018-05-13,23,rent
Lisa Reilly,Lake Troy,2018-03-05,63,own
Shawn Davis,South Erinview,2018-07-11,46,own
Nicholas Shelton,North Courtney,2018-03-17,29,own
William Valdez,Bridgeston,2018-11-26,28,own
Tyler Freeman,Lake Jacob,2018-02-04,23,own
Linda Solis,East Mallory,2018-10-23,50,own
Janet Sanchez,New Tricia,2018-07-21,47,own
Jennifer Young,Riveraport,2018-05-25,35,own
Charles Cherry,West Michael,2018-07-11,68,rent
Brianna Pennington,Solischester,2018-02-01,28,own
Christopher Allen,Port Roger,2018-01-21,59,own
Jason Torres,Rogerborough,2018-10-07,57,own
Nicole Beltran,Port Mary,2018-09-26,33,rent
Tanya Swanson,North Angela,2018-03-17,43,own
Alexander Schmidt,Port Calvin,2018-06-18,35,free
Joshua Hernandez,East Cindy,2018-06-23,32,free
Donna Henry,Schultzville,2018-04-13,45,own
Peter Mason,Justinstad,2018-10-29,33,own
John Miller,Barnesstad,2018-07-11,40,own
Bobby Marsh,West Kelsey,2018-10-11,28,free
Austin Arroyo,South Leslieport,2018-04-24,29,own
Theresa Acosta MD,Fernandeztown,2018-10-01,26,rent
Sara Molina,West Julie,2018-01-29,27,own
Alexander Howell,Avilashire,2018-02-10,28,own
William Brooks,Lewisside,2018-02-23,35,own
John Weaver,Taylorside,2018-04-13,32,own
April Ellis,West Christophertown,2018-09-27,25,rent
Jessica Smith,Ericksonstad,2018-05-17,20,rent
Jason Brown,West Michael,2018-10-28,27,own
Nicholas Brown,Christopherfort,2018-06-20,42,own
Amy Esparza,Spencermouth,2018-10-11,37,own
Steven Chavez,South Bobby,2018-08-09,24,rent
Amy Waller,Patelhaven,2018-09-24,40,own
Cody Montgomery,Lake Amy,2018-09-25,46,own
Audrey Patel,Jesseland,2018-02-18,26,own
Melanie Oconnell,Lake Stephanie,2018-08-03,24,own
Michelle Sullivan,Collinsfurt,2018-05-07,29,own
Michael Terry,Englishland,2018-12-25,40,own
Ryan Guzman,North Travis,2018-02-24,36,free
Tiffany Chung,Robertoshire,2018-09-27,28,own
Wendy Mcmillan,Kylemouth,2018-11-05,27,free
Diane Gilbert,Lindsayview,2018-05-07,36,own
Jacob Johnson,Lorichester,2018-09-15,38,own
Kevin Newman,Whitneyburgh,2018-07-21,48,free
Misty Miles,Port Alexisfurt,2018-09-24,36,own
Kayla Bolton,Greenshire,2018-01-15,65,own
Kristen Stevens,Lake Jamiestad,2018-04-02,43,own
Brian Perez,Port Juliechester,2018-07-29,53,own
Christopher Hernandez,Barbarabury,2018-01-16,34,own
Amy Williams,Lake Amandashire,2018-06-25,23,own
Michael Villarreal,East Jessicamouth,2018-05-30,34,own
Nicole Norman,Port Emily,2018-01-02,40,rent
Dawn West,Cynthiaburgh,2018-11-08,43,own
Wayne Jackson,West Maria,2018-11-11,46,own
Claudia Parker,Cooperfort,2018-11-03,38,own
Christy Gutierrez,Port Peter,2018-05-04,34,own
Robert Garcia,Adrianview,2018-05-09,29,own
Kyle Guerrero,Judytown,2018-09-17,31,own
Jimmy Romero,East Leslieport,2018-01-03,28,rent
Tim Richardson,Lauraville,2018-02-14,35,own
Jerry Castillo,South Preston,2018-08-09,33,rent
Becky Marshall,Kathrynside,2018-11-15,42,own
Jonathan Wilson,North Nicole,2018-05-12,43,rent
Thomas Weaver,West Juliefurt,2018-02-03,44,own
Mary Jones,North Mary,2018-08-10,42,free
Robert Dunlap,Herreraton,2018-12-26,40,rent
Ricardo Brown,South Elizabeth,2018-12-24,36,own
April Bolton,Lake Benjaminfurt,2018-06-17,20,rent
Jesus Mcguire,Lindseyfort,2018-12-25,24,own
Alexa Miranda,Bryanbury,2018-08-16,27,own
Jason Mckenzie,Lorrainemouth,2018-04-14,46,own
David Walker,Davidburgh,2018-11-16,33,own
Robert Moore,South Timothy,2018-12-18,34,own
Paul Dickson,North Rebecca,2018-09-15,25,own
April Juarez,Christophermouth,2018-03-31,25,own
Laura Freeman,North Elizabeth,2018-02-20,28,own
Stephanie Brown,Steinton,2018-05-21,31,rent
Sheila Nelson,Charleschester,2018-11-16,32,own
Vanessa Johnson,Port Shanemouth,2018-09-20,32,own
Christopher Lee,Meganshire,2018-08-05,68,own
Blake Peters,Torresborough,2018-08-31,33,own
Amanda Patton,Lake Donald,2018-08-27,39,rent
Robert Gordon,Thomasburgh,2018-07-16,28,own
Brittany Brown,Lake Glennside,2018-09-04,37,own
Deborah Bell,Kennedyville,2018-10-23,22,rent
Lori Martinez,East Alan,2018-12-05,30,rent
Mrs. Kristina Lewis,Williamsshire,2018-07-30,55,own
Jessica Taylor,East Matthewstad,2018-05-27,46,own
Frank Fox,Davidmouth,2018-04-02,21,rent
Jason Vaughn,Port John,2018-03-25,39,free
Brandon Owens,Mathewsland,2018-06-09,58,own
Crystal Rodriguez,Kelseyberg,2018-05-12,43,own
Michael Morris,Meganmouth,2018-04-17,24,own
Kelly Payne,Bryanstad,2018-06-25,22,own
Robert York,New Phillip,2018-09-24,30,own
Patrick Howe,West Tammy,2018-07-23,42,own
Joshua Turner,Jamesborough,2018-08-27,23,own
Kenneth Holmes,Ariasberg,2018-01-31,30,own
Scott Mann,Smithland,2018-06-12,28,own
Christopher King,Lake Darlenebury,2018-09-17,30,rent
Ann Brown,East Kylehaven,2018-12-21,42,free
Ashley Warren,Port Theresafort,2018-08-30,46,own
Gordon Herrera,West Cynthiastad,2018-01-20,45,own
John Swanson Jr.,Jessicachester,2018-09-22,31,own
Michelle Underwood,Allenmouth,2018-09-12,31,own
Jacqueline Martinez,Davidton,2018-09-23,42,own
Elizabeth Klein,Paulafurt,2018-08-10,46,rent
Jane Moore,West Rhondaton,2018-03-11,30,own
Sean Huerta,West Elizabethville,2018-11-26,30,free
Tanya Bishop,Solisberg,2018-08-11,38,own
Gina Guzman,Port Lisafurt,2018-04-19,43,own
Gina Griffin,West Jason,2018-10-02,31,own
Michael Singleton,Emilychester,2018-07-23,40,own
Chloe Barnett,Lake Jeffreyfort,2018-04-05,24,own
Michael Harris MD,South Dominique,2018-12-13,28,rent
Stephen Cox,Melissaton,2018-07-24,26,own
Todd Bauer,New Johnview,2018-11-28,29,own
Mary Kemp,Kristenbury,2018-02-04,57,rent
William Jacobs,New Tinafort,2018-05-24,49,own
Christian Coleman,Port Ernestborough,2018-10-07,37,own
Leslie Le,Brownborough,2018-11-27,45,own
Jennifer Leonard,North Chase,2018-06-23,30,free
Tony Chavez,Thomasland,2018-08-12,30,rent
Mr. Christopher Day,Danatown,2018-11-18,47,own
Mario Roberson,New Jon,2018-06-26,29,own
Steven Watkins,East Philipchester,2018-07-10,35,own
Karen Luna,Hartton,2018-01-14,22,own
Beverly Smith,Perezburgh,2018-02-25,26,own
Victoria Williams,East Maureen,2018-11-10,23,own
Monique Murillo,Stephenfort,2018-04-05,54,rent
Claudia Reynolds MD,Frederickmouth,2018-01-23,29,rent
Antonio Sparks,New Pamela,2018-03-11,40,own
Tina Sanders,Mclaughlinberg,2018-01-29,22,own
Eric Dixon,Fowlermouth,2018-04-03,43,own
Gregory Griffin,South Jesse,2018-06-09,29,rent
Daniel Collins,Bryanmouth,2018-10-20,36,rent
Charles Jones,Christopherberg,2018-07-27,33,own
Brandon Velez,Ronniemouth,2018-12-21,57,own
Cassandra Key,Goodwinshire,2018-11-28,64,own
Denise Black,West Philip,2018-07-26,42,own
Jeffrey Torres,West Jennifer,2018-02-19,47,own
Jessica Ross,Lake Amber,2018-12-02,25,rent
Victoria Odom,Russellstad,2018-08-21,49,own
Joseph Hendricks,Marymouth,2018-03-12,33,rent
Joseph Cannon,Andreaside,2018-11-06,28,own
Martha Hartman,Valentinetown,2018-06-30,26,own
Paige Walker,West Stanleyville,2018-01-04,30,own
April Garcia,Port Daniel,2018-07-27,25,rent
Martin Miller,Stokesberg,2018-09-18,33,own
Marie Williams,East Christopherberg,2018-12-29,64,own
Samantha Ashley,Andreatown,2018-01-13,29,free
Sara Jenkins,Wilsontown,2018-01-18,48,own
Jeffrey Bright,Sharonmouth,2018-12-04,37,own
Christopher Parker,Rachelberg,2018-04-02,34,own
Ronald Hubbard,New Stephanie,2018-04-22,23,rent
Justin Baldwin,Valerieberg,2018-08-11,30,own
Jeffery Glass,West Christopherburgh,2018-03-04,50,own
Stephanie Sexton,Erinhaven,2018-07-10,31,own
Thomas Berg,Port Joseph,2018-11-02,40,own
Julie Simmons,Lake Wendy,2018-05-31,38,own
Erin Smith,Robertsville,2018-03-22,23,free
Jeremy Thompson,Laurenport,2018-11-24,27,own
